{"cameraMode":{"drawMode":0,"name":"Shaded","section":"Shading Mode"},"sceneLighting":true,"audioPlay":false,"sceneViewState":{"m_AlwaysRefresh":false,"showFog":true,"showSkybox":true,"showFlares":true,"showImageEffects":true,"showParticleSystems":true,"showVisualEffectGraphs":true,"m_FxEnabled":true},"in2DMode":false,"pivot":{"x":62.16879653930664,"y":0.12999999523162843,"z":62.16879653930664},"rotation":{"x":-0.4024873673915863,"y":0.07729724049568176,"z":-0.034129995852708819,"w":-0.911519467830658},"size":205.61935424804688,"orthographic":false}