{"cameraMode":{"drawMode":0,"name":"Shaded","section":"Shading Mode"},"sceneLighting":true,"audioPlay":false,"sceneViewState":{"m_AlwaysRefresh":false,"showFog":true,"showSkybox":true,"showFlares":true,"showImageEffects":true,"showParticleSystems":true,"showVisualEffectGraphs":true,"m_FxEnabled":true},"in2DMode":false,"pivot":{"x":0.6705995202064514,"y":-0.5046314001083374,"z":1.3399616479873658},"rotation":{"x":-0.31287917494773867,"y":0.09297619014978409,"z":-0.030788587406277658,"w":-0.944744348526001},"size":1.3393213748931885,"orthographic":false}