{"cameraMode":{"drawMode":0,"name":"Shaded","section":"Shading Mode"},"sceneLighting":true,"audioPlay":false,"sceneViewState":{"m_AlwaysRefresh":false,"showFog":true,"showSkybox":true,"showFlares":true,"showImageEffects":true,"showParticleSystems":true,"showVisualEffectGraphs":true,"m_FxEnabled":true},"in2DMode":false,"pivot":{"x":1773.4832763671875,"y":-4.0362701416015629,"z":9.79315185546875},"rotation":{"x":0.10512890666723252,"y":0.1471165269613266,"z":-0.015727423131465913,"w":0.9833910465240479},"size":456.0404052734375,"orthographic":false}