{"cameraMode":{"drawMode":0,"name":"Shaded","section":"Shading Mode"},"sceneLighting":true,"audioPlay":false,"sceneViewState":{"m_AlwaysRefresh":false,"showFog":true,"showSkybox":true,"showFlares":true,"showImageEffects":true,"showParticleSystems":true,"showVisualEffectGraphs":true,"m_FxEnabled":true},"in2DMode":false,"pivot":{"x":1126.054443359375,"y":298.95428466796877,"z":-41.32279968261719},"rotation":{"x":-0.09606856852769852,"y":-0.044183071702718738,"z":0.004268013872206211,"w":-0.9944056272506714},"size":817.6138916015625,"orthographic":false}